lat,lon,altitude,geometry,OBJECTID,STORE_TYPE,STORE_NAME,ADDRESS_ID,ADDRESS_LI,ADDRESS__1,CITY,STATE,ZIP,PHONE,HOURS,SNAP,SIC,NAICS_EXT,SALES_VOL,HDBRCH,NUMBER_EMP,EMPSIZ,FRNCOD,SQFT,SOURCE,POINT_X,POINT_Y,HCSI,NBHD_NAME,COUNCIL_DI
39.784969,-105.005719,,Point,3,Small Grocery Store,Leever's / Save A Lot,0,4860 Pecos St,,Denver,CO,80221,(720) 855-6622,,,541105,445110,774000,,3,1 to 4,,"0 - 2,499",InfoGroup2014,-105.005719,39.784969,,Chaffee Park,Council District 1
39.776362,-105.011573,,Point,10,Small Grocery Store,Tejon Market,0,4385 Tejon St,,Denver,CO,80211,(720) 855-7792,,,541105,445110,258000,,1,1 to 4,,"0 - 2,499",InfoGroup2014,-105.011573,39.776362,,Sunnyside,Council District 1
39.776901,-104.999019,,Point,11,Specialty Food Store,Canino's Sausage Co Inc,0,4414 Jason St,,Denver,CO,80211,(303) 455-4339,,,542108,445210,3153000,,15,10 to 19,,"2,500 - 9,999",InfoGroup2014,-104.999019,39.776901,,Sunnyside,Council District 1
39.768842,-105.019624,,Point,16,Small Grocery Store,Leever's / Save A Lot,0,2630 W 38th Ave,,Denver,CO,80211,(303) 433-4405,,,541105,445110,3870000,,15,10 to 19,,"2,500 - 9,999",InfoGroup2014,-105.019624,39.768842,,Highland,Council District 1
39.765758,-105.002814,,Point,17,Small Grocery Store,Variety Supermarket,0,3500 Mariposa St,,Denver,CO,80211,(303) 458-0109,,,541105,445110,516000,,2,1 to 4,,"0 - 2,499",InfoGroup2014,-105.002814,39.765758,,Highland,Council District 1
39.761908,-105.019742,,Point,18,Specialty Food Store,Rosales Bakery,0,2636 W 32ND AVE,,Denver,CO,,n/a,,,,,0,,0,,,,DEH2014,-105.019742,39.761908,,Highland,Council District 1
39.757215,-105.008749,,Point,19,Specialty Food Store,Savory Spice Shop,0,1537 Platte St,,Denver,CO,80202,(303) 477-3322,,,549902,445299,458000,,4,1 to 4,,"2,500 - 9,999",InfoGroup2014,-105.008749,39.757215,,Highland,Council District 1
39.755435,-105.024379,,Point,22,Supermarket,Safeway,0,2660 Federal Blvd,,Denver,CO,80211,(303) 477-5091,,,541105,445110,18061000,,70,50 to 99,,"2,500 - 9,999",InfoGroup2014,-105.024379,39.755435,,Jefferson Park,Council District 1
39.760044,-105.046167,,Point,31,Specialty Food Store,Gluten Free Goods,0,2990 Vrain St,,Denver,CO,80212,(303) 482-1183,,,541105,445110,774000,,3,1 to 4,,"0 - 2,499",InfoGroup2014,-105.046167,39.760044,,West Highland,Council District 1
39.761888,-105.033132,,Point,32,Specialty Food Store,Happy Cakes,0,3434 W 32ND AVE,,Denver,CO,,n/a,,,,,0,,0,,,,DEH2014,-105.033132,39.761888,,West Highland,Council District 1
39.762365,-105.03384,,Point,33,Specialty Food Store,Seafood Landing,0,3457 W 32nd Ave,,Denver,CO,80211,(303) 571-1995,,,542101,445220,210000,,1,1 to 4,,"0 - 2,499",InfoGroup2014,-105.03384,39.762365,,West Highland,Council District 1
39.762367,-105.034947,,Point,34,Specialty Food Store,St Kilian's Cheese Shop,0,3211 Lowell Blvd,,Denver,CO,80211,(303) 477-0374,,,545103,445299,159000,,2,1 to 4,,"0 - 2,499",InfoGroup2014,-105.034947,39.762367,,West Highland,Council District 1
39.77606,-105.036935,,Point,46,Supermarket,Safeway,0,3800 W 44th Ave,,Denver,CO,80211,(303) 458-8418,,,541105,445110,28382000,,110,100 to 249,,"40,000+",InfoGroup2014,-105.036935,39.77606,,Berkeley,Council District 1
39.771336,-105.034272,,Point,47,Specialty Food Store,Belfiore Genuine Italian Sausage,0,3930 Lowell Blvd,,Denver,CO,80211,(303) 455-4653,,,542107,445210,1051000,,5,5 to 9,,"0 - 2,499",InfoGroup2014,-105.034272,39.771336,,Berkeley,Council District 1
39.789909,-105.026604,,Point,49,Small Grocery Store,Longmont Meats,0,5115 N FEDERAL BLVD,,Denver,CO,,n/a,,,,,0,,0,,,,DEH2014,-105.026604,39.789909,,Regis,Council District 1
39.778179,-104.980979,,Point,53,Small Grocery Store,Panaderia Emmanuel,0,500 E 45TH AVE,,Denver,CO,,n/a,,,,,0,,0,,,,DEH2014,-104.980979,39.778179,Healthy Corner Store Initiative,Globeville,Council District 9
39.787518,-104.975907,,Point,54,Specialty Food Store,Custom Superfresh Poultry,0,810 E 50th Ave,,Denver,CO,80216,(303) 292-9898,,,549907,445210,343000,,3,1 to 4,,"2,500 - 9,999",InfoGroup2014,-104.975907,39.787518,,Globeville,Council District 9
39.774078,-104.972962,,Point,63,Small Grocery Store,Singles Market Place,0,3950 Wynkoop St,,Denver,CO,80216,(303) 295-3000,,,541105,445110,774000,,3,1 to 4,,"0 - 2,499",InfoGroup2014,-104.972962,39.774078,,Elyria Swansea,Council District 9
39.782663,-104.959867,,Point,64,Specialty Food Store,Growhaus,0,4751 York St,,Denver,CO,80216,(720) 502-3399,,,543102,445230,1011000,,5,5 to 9,,"0 - 2,499",InfoGroup2014,-104.959867,39.782663,,Elyria Swansea,Council District 9
39.789284,-104.951492,,Point,65,Specialty Food Store,Swansea Corner Store,0,3075 E 51st Ave,,Denver,CO,80216,(303) 292-2574,,,541105,445110,258000,,1,1 to 4,,"0 - 2,499",InfoGroup2014,-104.951492,39.789284,,Elyria Swansea,Council District 9
39.779655,-104.9549,,Point,66,Superette,Panaderia Y Restaurante Sanchez,0,2630 E 46TH AVE,,Denver,CO,,n/a,,,,,0,,0,,,,DEH2014,-104.9549,39.779655,,Elyria Swansea,Council District 9
39.740559,-104.945042,,Point,72,Small Grocery Store,Sprouts Farmers Market,0,3625 E Colfax Ave,,Denver,CO,80206,(720) 347-4205,,,541105,445110,774000,,3,1 to 4,,"0 - 2,499",InfoGroup2014,-104.945042,39.740559,,City Park,Council District 9
39.771949,-104.943475,,Point,78,Small Grocery Store,A Mart Store,0,3770 E 40TH AVE,,Denver,CO,,n/a,,,,,0,,0,,,,DEH2014,-104.943475,39.771949,,Clayton,Council District 9
39.757102,-104.946272,,Point,80,Small Grocery Store,Frank's Food Mart,0,2800 Madison St,,Denver,CO,,n/a,,,,,0,,0,,,,DEH2015,-104.946272,39.757102,Healthy Corner Store Initiative,Skyland,Council District 9
39.764661,-104.968654,,Point,87,Small Grocery Store,Abarrotes Le Herradura,0,3401 N FRANKLIN ST,,Denver,CO,,n/a,,,,,0,,0,,,,DEH2014,-104.968654,39.764661,,Cole,Council District 9
39.764063,-104.973289,,Point,88,Small Grocery Store,Downing Supermarket,0,3340 Downing St,,Denver,CO,80205,(303) 294-0319,,,541105,445110,6450000,,25,20 to 49,,"2,500 - 9,999",InfoGroup2014,-104.973289,39.764063,,Cole,Council District 9
39.763508,-104.972956,,Point,89,Superette,Carniceria Jalisco,0,3300 Downing St,,Denver,CO,80205,(303) 296-0168,,,542107,445210,1051000,,5,5 to 9,,"0 - 2,499",InfoGroup2014,-104.972956,39.763508,,Cole,Council District 9
39.730089,-105.024107,,Point,111,Specialty Food Store,Pasteles Espinosa,0,2970 W. Barberry Pl.,,Denver,CO,,n/a,,,,,0,,0,,,,DEH2014,-105.024107,39.730089,,Sun Valley,Council District 3
39.744014,-104.989781,,Point,116,Small Grocery Store,Cook's Fresh Market,0,1600 GLENARM PL STE 120,,Denver,CO,,n/a,,,,,0,,0,,,,DEH2014,-104.989781,39.744014,,CBD,Council District 9
39.746037,-104.993056,,Point,117,Small Grocery Store,Walgreen,0,801 16TH ST,,Denver,CO,,n/a,,,,,0,,0,,,,DEH2014,-104.993056,39.746037,,CBD,Council District 9
39.757235,-104.998956,,Point,123,Supermarket,King Soopers,0,1950 Chestnut St,,Denver,CO,,n/a,,,,,0,,0,,,,DEH2015,-104.998956,39.757235,,Union Station,Council District 9
39.748768,-104.999479,,Point,124,Specialty Food Store,Evoo Marketplace,0,1338 15th St,,Denver,CO,80202,(303) 974-5784,,,543102,445230,404000,,2,1 to 4,,"0 - 2,499",InfoGroup2014,-104.999479,39.748768,,Union Station,Council District 9
39.749801,-105.001562,,Point,125,Specialty Food Store,Smith & Truslow,0,1444 Wazee St,,Denver,CO,80202,(303) 339-6967,,,549913,445299,343000,,3,1 to 4,,"2,500 - 9,999",InfoGroup2014,-105.001562,39.749801,,Union Station,Council District 9
39.76874,-104.979796,,Point,133,Small Grocery Store,Mondo Market,0,3350 Brighton Blvd,,Denver,CO,80216,(720) 379-7699,,,541101,445110,516000,,2,1 to 4,,"0 - 2,499",InfoGroup2014,-104.979796,39.76874,,Five Points,Council District 9
39.748966,-104.977536,,Point,134,Supermarket,Safeway,0,757 E 20th Ave,,Denver,CO,80205,(303) 861-8169,,,541105,445110,14191000,,55,50 to 99,,"2,500 - 9,999",InfoGroup2014,-104.977536,39.748966,,Five Points,Council District 9
39.757512,-104.987022,,Point,135,Specialty Food Store,Amerigo Delicatus,0,2449 LARIMER ST,,Denver,CO,,n/a,,,,,0,,0,,,,DEH2014,-104.987022,39.757512,,Five Points,Council District 9
39.753889,-104.991637,,Point,136,Specialty Food Store,Larimer St Market,0,2063 Larimer St,,Denver,CO,80205,(303) 295-0442,,,541101,445110,516000,,2,1 to 4,,"0 - 2,499",InfoGroup2014,-104.991637,39.753889,,Five Points,Council District 9
39.76874,-104.979796,,Point,137,Specialty Food Store,Meathead,0,3350 N BRIGHTON BLVD,,Denver,CO,,n/a,,,,,0,,0,,,,DEH2014,-104.979796,39.76874,,Five Points,Council District 9
39.761875,-104.989948,,Point,138,Specialty Food Store,Tres Rios Agricultural Co-Op,0,214 Denargo Market,,Denver,CO,80216,(303) 293-1990,,,,,0,,0,,,,InfoGroup2014,-104.989948,39.761875,,Five Points,Council District 9
39.770788,-104.927164,,Point,143,Small Grocery Store,Mountain Fresh Market,0,3885 Forest St,,Denver,CO,80207,(720)639-1655,,,,,0,,0,,,,DEH2015,-104.927164,39.770788,,Northeast Park Hill,Council District 8
39.751181,-104.933304,,Point,146,Small Grocery Store,Spinelli,0,4621 E 23RD AVE,,Denver,CO,,n/a,,,,,0,,0,,,,DEH2014,-104.933304,39.751181,,North Park Hill,Council District 8
39.7406,-104.91736,,Point,153,Specialty Food Store,Ethiopian Culture Mesob Market,0,1510 KEARNEY ST,,Denver,CO,,n/a,,,,,0,,0,,,,DEH2014,-104.91736,39.7406,,South Park Hill,Council District 8
39.78544,-104.894589,,Point,162,Supercenter,Target,0,7930 Northfield Blvd,,Denver,CO,80238,(303) 209-8720,,,531102,452111,33025000,,150,100 to 249,,"40,000+",InfoGroup2014,-104.894589,39.78544,,Stapleton,Council District 8
39.7566,-104.901847,,Point,163,Supermarket,King Soopers,0,2810 Quebec St,,Denver,CO,80207,(303) 333-3223,,,541105,445110,25802000,,100,100 to 249,,"40,000+",InfoGroup2014,-104.901847,39.7566,,Stapleton,Council District 8
39.779735,-104.892648,,Point,164,Specialty Food Store,Euro Cafe and Market,0,8270 E NORTHFIELD BLVD,,Denver,CO,,n/a,,,,,0,,0,,,,DEH2014,-104.892648,39.779735,,Stapleton,Council District 8
39.76627,-104.898098,,Point,165,Warehouse Club Store,Sams Club,0,7805 E 35th Ave,,Denver,CO,80238,(720) 941-6180,,,531110,452910,39630000,,180,100 to 249,,"40,000+",InfoGroup2014,-104.898098,39.76627,,Stapleton,Council District 8
39.78104095,-104.8465937,,Point,172,Superette,Chihuahua Carniceria,0,4660 Peoria St,,Denver,CO,,n/a,,,,,0,,0,,,,DEH2016,-104.846594,39.781041,,Montbello,Council District 8
39.784882,-104.770029,,Point,178,Supermarket,King Soopers,0,18605 Green Valley Ranch,,Denver,CO,80249,(303) 371-8985,,,541105,445110,25802000,,100,100 to 249,,"40,000+",InfoGroup2014,-104.770029,39.784882,,Gateway - Green Valley Ranch,Council District 11
39.690768,-105.026008,,Point,191,Small Grocery Store,Ana's Meat Market,0,1411 S Federal Blvd,,Denver,CO,80219,(303) 922-6455,,,542107,445210,630000,,3,1 to 4,,"0 - 2,499",InfoGroup2014,-105.026008,39.690768,,Mar Lee,Council District 3
39.690414,-105.042829,,Point,192,Small Grocery Store,Leever's / Save A Lot,0,4255 W Florida Ave,,Denver,CO,80219,(303) 935-0880,,,541105,445110,7740000,,30,20 to 49,,"2,500 - 9,999",InfoGroup2014,-105.042829,39.690414,,Mar Lee,Council District 3
39.690469,-105.051947,,Point,193,Supermarket,King Soopers,0,5125 W Florida Ave,,Denver,CO,80219,(303) 934-3147,,,541105,445110,36897000,,143,100 to 249,,"40,000+",InfoGroup2014,-105.051947,39.690469,,Mar Lee,Council District 3
39.691935,-105.052872,,Point,194,Specialty Food Store,Anastasia's Desserts,0,1350 S SHERIDAN BLVD,,Denver,CO,,n/a,,,,,0,,0,,,,DEH2014,-105.052872,39.691935,,Mar Lee,Council District 3
39.694452,-105.025364,,Point,195,Specialty Food Store,Indus Imports,0,1225 S Federal Blvd,,Denver,CO,80219,(303) 742-4443,,,541105,445110,258000,,1,1 to 4,,"0 - 2,499",InfoGroup2014,-105.025364,39.694452,,Mar Lee,Council District 3
39.690662,-105.043893,,Point,196,Specialty Food Store,Tortilleria Victoria,0,4365 W Florida Ave,,Denver,CO,80219,(303) 975-0006,,,541105,445110,1290000,,5,5 to 9,,"0 - 2,499",InfoGroup2014,-105.043893,39.690662,,Mar Lee,Council District 3
39.70697,-105.038331,,Point,204,Small Grocery Store,Abarrote Angelito Quetzal,0,3892 Morrison Rd,,Denver,CO,,n/a,,,,,0,,0,,,,DEH2014,-105.038331,39.70697,,Westwood,Council District 3
39.696946,-105.025419,,Point,205,Small Grocery Store,Hau Giang Market,0,1095 S Federal Blvd,,Denver,CO,80219,(303) 936-7537,,,541105,445110,1032000,,4,1 to 4,,"0 - 2,499",InfoGroup2014,-105.025419,39.696946,,Westwood,Council District 3
39.698428,-105.025326,,Point,206,Small Grocery Store,Hong Phat Market Inc,0,1001 S Federal Blvd,,Denver,CO,80219,(303) 934-1664,,,541105,445110,2322000,,9,5 to 9,,"2,500 - 9,999",InfoGroup2014,-105.025326,39.698428,,Westwood,Council District 3
39.697422,-105.025418,,Point,207,Small Grocery Store,L & P Seafood,0,1055 S FEDERAL BLVD,,Denver,CO,,n/a,,,,,0,,0,,,,DEH2014,-105.025418,39.697422,,Westwood,Council District 3
39.709539,-105.034675,,Point,208,Small Grocery Store,Panaderia Contreras,0,3570 MORRISON RD,,Denver,CO,,n/a,,,,,0,,0,,,,DEH2014,-105.034675,39.709539,Healthy Corner Store Initiative,Westwood,Council District 3
39.710898,-105.031631,,Point,209,Small Grocery Store,Store Perez,0,3420 W Alameda Ave,,Denver,CO,80219,(720) 855-7671,,,539901,452990,496000,,2,1 to 4,,"0 - 2,499",InfoGroup2014,-105.031631,39.710898,,Westwood,Council District 3
39.710908,-105.02772,,Point,212,Specialty Food Store,Carniceria La Sierra,0,3154 W Alameda Ave,,Denver,CO,80219,(303) 935-6293,,,542107,445210,630000,,3,1 to 4,,"0 - 2,499",InfoGroup2014,-105.02772,39.710908,,Westwood,Council District 3
39.697586,-105.025428,,Point,213,Specialty Food Store,Indochina Ginseng Co,0,1045 S Federal Blvd,,Denver,CO,80219,(303) 935-0400,,,541105,445110,1032000,,4,1 to 4,,"0 - 2,499",InfoGroup2014,-105.025428,39.697586,,Westwood,Council District 3
39.710081,-105.025773,,Point,214,Specialty Food Store,Vinh Xuong Bakery,0,375 S FEDERAL BLVD,,Denver,CO,80219,n/a,,,,,0,,0,,,,DEH2014,-105.025773,39.710081,,Westwood,Council District 3
39.718741,-105.032838,,Point,218,Small Grocery Store,Mi Pueblo Market,0,125 Knox Ct,,Denver,CO,80219,(303) 253-7640,,,541105,445110,9030000,,35,20 to 49,,"2,500 - 9,999",InfoGroup2014,-105.032838,39.718741,,Barnum,Council District 3
39.638644,-105.083055,,Point,227,Supercenter,Walmart,0,7700 W Quincy Ave,,Littleton,CO,80123,(303) 971-0321,,,531102,452111,48436000,,220,100 to 249,,"40,000+",InfoGroup2014,-105.083055,39.638644,,Marston,Council District 2
39.615828,-105.094357,,Point,228,Small Grocery Store,Sprouts Farmers Market,0,8601 W Cross Dr # P4,,Littleton,CO,80123,(720) 214-0410,,,541105,445110,774000,,3,1 to 4,,"0 - 2,499",InfoGroup2014,-105.094357,39.615828,,Marston,Council District 2
39.629528,-105.08818,,Point,229,Warehouse Club Store,Sams Club,0,4827 S WADSWORTH WAY,,,,,(303) 971-0136,,,,,0,,0,,,,DEH2014,-105.08818,39.629528,,Marston,Council District 2
39.718659,-105.024572,,Point,235,Specialty Food Store,Tortillas Caseras,0,110 N. Federal Blvd.,,Denver,CO,,n/a,,,,,0,,0,,,,DEH2014,-105.024572,39.718659,,Valverde,Council District 7
39.697067,-105.008982,,Point,241,Small Grocery Store,Athmar Market,0,1789 W Mississippi Ave,,Denver,CO,80223,(303) 936-0204,,,541101,445110,516000,,2,1 to 4,,"0 - 2,499",InfoGroup2014,-105.008982,39.697067,,Athmar Park,Council District 7
39.697494,-105.024726,,Point,242,Small Grocery Store,New Saigon Market,0,1076 S Federal Blvd,,Denver,CO,80219,(303) 937-7271,,,541105,445110,516000,,2,1 to 4,,"0 - 2,499",InfoGroup2014,-105.024726,39.697494,,Athmar Park,Council District 7
39.710074,-105.01385,,Point,243,Supermarket,Pacific Ocean Intl Supermarket,0,2200 W Alameda Ave # 2b,,Denver,CO,80223,(303) 936-4845,,,541105,445110,774000,,3,1 to 4,,"0 - 2,499",InfoGroup2014,-105.01385,39.710074,,Athmar Park,Council District 7
39.708189,-105.003363,,Point,244,Specialty Food Store,Alpine Sausage Co.,0,1272 W. Alaska Pl.,,Denver,CO,,n/a,,,,,0,,0,,,,DEH2014,-105.003363,39.708189,,Athmar Park,Council District 7
39.706649,-105.024689,,Point,245,Specialty Food Store,Baker's Palace,0,550 S. Federal Blvd.,,Denver,CO,,n/a,,,,,0,,0,,,,DEH2014,-105.024689,39.706649,,Athmar Park,Council District 7
39.697414,-105.01173,,Point,246,Specialty Food Store,La Noria Carniceria Taqueria,0,1931 W Mississippi Ave,,Denver,CO,80223,(303) 922-3388,,,542107,445210,1051000,,5,5 to 9,,"0 - 2,499",InfoGroup2014,-105.01173,39.697414,,Athmar Park,Council District 7
39.704777,-105.024691,,Point,247,Specialty Food Store,New Saigon Bakery & Deli,0,640 S. Federal Blvd.,,Denver,CO,,n/a,,,,,0,,0,,,,DEH2014,-105.024691,39.704777,,Athmar Park,Council District 7
39.697336,-105.01163,,Point,248,Specialty Food Store,Panaderia Castaneda,0,1925 W. Mississippi Ave.,,Denver,CO,,n/a,,,,,0,,0,,,,DEH2014,-105.01163,39.697336,,Athmar Park,Council District 7
39.710956,-105.015316,,Point,249,Specialty Food Store,Vinh Xyong Bakery,0,2370 W. Alameda Ave.,,Denver,CO,,n/a,,,,,0,,0,,,,DEH2014,-105.015316,39.710956,,Athmar Park,Council District 7
39.707717,-105.024692,,Point,250,Superette,Store Perez  1 Carcineria,0,490 S Federal Blvd,,Denver,CO,80219,(303) 936-3264,,,541105,445110,774000,,3,1 to 4,,"0 - 2,499",InfoGroup2014,-105.024692,39.707717,,Athmar Park,Council District 7
39.682478,-104.987197,,Point,253,Specialty Food Store,Azucar Sweet Shop & Bakery,0,1886 S Broadway,,Denver,CO,,n/a,,,,,0,,0,,,,DEH2014,-104.987197,39.682478,,Platt Park,Council District 7
39.678958,-105.01233,,Point,263,Small Grocery Store,Campos Market,0,2135 W EVANS AVE,,Denver,CO,,n/a,,,,,0,,0,,,,DEH2014,-105.01233,39.678958,,College View - South Platte,Council District 7
39.665889,-105.024497,,Point,264,Small Grocery Store,Super Carniceria Compare,0,2796 S Federal Blvd,,Denver,CO,80236,(303) 761-4430,,,531104,452112,1761000,,8,5 to 9,,"40,000+",InfoGroup2014,-105.024497,39.665889,,College View - South Platte,Council District 7
39.677453,-105.024578,,Point,265,Specialty Food Store,Las 3 Americas Tortilleria,0,2170 S FEDERAL BLVD,,Denver,CO,,n/a,,,,,0,,0,,,,DEH2014,-105.024578,39.677453,,College View - South Platte,Council District 7
39.69646,-105.008432,,Point,274,Small Grocery Store,Store Perez,0,1798 W Mississippi Ave,,Denver,CO,80223,(303) 936-5946,,,541105,445110,1032000,,4,1 to 4,,"0 - 2,499",InfoGroup2014,-105.008432,39.69646,,Ruby Hill,Council District 7
39.692228,-105.024279,,Point,275,Small Grocery Store,Lowes Mercado,0,1320 S Federal Blvd,,Denver,CO,80219,(303) 922-7412,,,541105,445110,21932000,,85,50 to 99,,"2,500 - 9,999",InfoGroup2014,-105.024279,39.692228,,Ruby Hill,Council District 7
39.696508,-105.013339,,Point,276,Specialty Food Store,Tortilleria Colorado,0,2050 W. Mississippi Ave.,,Denver,CO,,n/a,,,,,0,,0,,,,DEH2014,-105.013339,39.696508,,Ruby Hill,Council District 7
39.710492,-104.987652,,Point,285,Supermarket,Albertsons,0,323 S Broadway,,Denver,CO,80209,(303) 744-8660,,,541105,445110,28382000,,110,100 to 249,,"40,000+",InfoGroup2014,-104.987652,39.710492,,Baker,Council District 7
39.716841,-104.999843,,Point,286,Specialty Food Store,Colorado Nut Company,0,2 N. Kalamath St.,,Denver,CO,,n/a,,,,,0,,0,,,,DEH2014,-104.999843,39.716841,,Baker,Council District 7
39.719566,-104.99827,,Point,287,Specialty Food Store,Denver Urban Homesteading,0,200 N SANTA FE DR,,Denver,CO,,n/a,,,,,0,,0,,,,DEH2014,-104.99827,39.719566,,Baker,Council District 7
39.725465,-104.99955,,Point,288,Specialty Food Store,Lamar's Donuts,0,990 W. 6th Ave.,,Denver,CO,,n/a,,,,,0,,0,,,,DEH2014,-104.99955,39.725465,,Baker,Council District 7
39.707349,-104.98769,,Point,289,Warehouse Club Store,Sams Club,0,505 S Broadway,,Denver,CO,80209,(303) 722-2152,,,531110,452910,33025000,,150,100 to 249,,"40,000+",InfoGroup2014,-104.98769,39.707349,,Baker,Council District 7
39.696866,-104.985286,,Point,290,Small Grocery Store,Sprouts Farmers Market,0,197 E Mississippi Ave,,Denver,CO,80209,(720) 458-2873,,,,,0,,0,,,,DEH2015,-104.985286,39.696866,,Washington Park West,Council District 7
39.695707,-104.979828,,Point,291,Supermarket,Whole Foods,0,1111 S Washington St,,Denver,CO,80210,(303) 733-6201,,,541105,445110,11611000,,45,20 to 49,,"2,500 - 9,999",InfoGroup2014,-104.979828,39.695707,,Washington Park West,Council District 7
39.718394,-105.035754,,Point,293,Specialty Food Store,Panaderia Mexico,0,3637 W 1ST AVE,,Denver,CO,,n/a,,,,,0,,0,,,,DEH2014,-105.035754,39.718394,,Barnum,Council District 3
39.717874,-105.032103,,Point,294,Superette,Carniceria Zacatecas,0,70 Knox Ct,,Denver,CO,80219,(303) 934-0681,,,542107,445210,420000,,2,1 to 4,,"0 - 2,499",InfoGroup2014,-105.032103,39.717874,,Barnum,Council District 3
39.718594,-105.052728,,Point,296,Small Grocery Store,Carniceria Guadalajara,0,5185 W 1st Ave,,Denver,CO,80219,(303) 937-7132,,,541105,445110,1548000,,6,5 to 9,,"0 - 2,499",InfoGroup2014,-105.052728,39.718594,,Barnum West,Council District 3
39.728345,-105.052572,,Point,300,Small Grocery Store,Fruteria LA Mexicana,0,706 Sheridan Blvd,,Denver,CO,80214,(303) 825-3370,,,542107,445210,1051000,,5,5 to 9,,"0 - 2,499",InfoGroup2014,-105.052572,39.728345,,Villa Park,Council District 3
39.725867,-105.03902,,Point,301,Small Grocery Store,Perry Market,0,3925 W 6TH AVE,,Denver,CO,,n/a,,,,,0,,0,,,,DEH2014,-105.03902,39.725867,,Villa Park,Council District 3
39.737656,-104.997834,,Point,315,Supermarket,King Soopers,0,1331 Speer Blvd,,Denver,CO,80204,(303) 571-1943,,,541105,445110,25802000,,100,100 to 249,,"40,000+",InfoGroup2014,-104.997834,39.737656,,Lincoln Park,Council District 3
39.655333,-105.054417,,Point,320,Supermarket,Walmart,0,3125 S Sheridan Blvd,,Denver,CO,80227,(303) 985-0217,,,531102,452111,50638000,,230,100 to 249,,"40,000+",InfoGroup2014,-105.054417,39.655333,,Bear Valley,Council District 2
39.655654,-105.048303,,Point,323,Supermarket,King Soopers,0,3100 S Sheridan Blvd # 200,,Denver,CO,80227,(303) 937-4400,,,541105,445110,61925000,,240,100 to 249,,"40,000+",InfoGroup2014,-105.048303,39.655654,,Harvey Park South,Council District 2
39.680444,-105.026088,,Point,328,Small Grocery Store,Leever's / Save A Lot,0,1951 S Federal Blvd,,Denver,CO,80219,(303) 407-0430,,,541105,445110,4386000,,17,10 to 19,,"2,500 - 9,999",InfoGroup2014,-105.026088,39.680444,,Harvey Park,Council District 2
39.680382,-105.026128,,Point,330,Specialty Food Store,Encanto Botanica,0,2039 S Federal Blvd,,Denver,CO,80219,(303) 935-2470,,,541105,445110,774000,,3,1 to 4,,"0 - 2,499",InfoGroup2014,-105.026128,39.680382,,Harvey Park,Council District 2
39.680382,-105.026128,,Point,331,Specialty Food Store,San Antonia Fresh Mexican Bakery & Juice Bar,0,2007 S FEDERAL BLVD,,Denver,CO,,n/a,,,,,0,,0,,,,DEH2014,-105.026128,39.680382,,Harvey Park,Council District 2
39.716467,-104.987035,,Point,332,Specialty Food Store,Nooch Vegan Market,0,10 E Ellsworth Ave,,Denver,CO,80209,(720) 328-5324,,,541101,445110,516000,,2,1 to 4,,"0 - 2,499",InfoGroup2014,-104.987035,39.716467,,Speer,Council District 7
39.724981,-104.973509,,Point,339,Supermarket,Safeway,0,560 Corona St,,Denver,CO,80218,(303) 777-1231,,,541105,445110,18061000,,70,50 to 99,,"2,500 - 9,999",InfoGroup2014,-104.973509,39.724981,,Speer,Council District 10
39.726632,-104.982416,,Point,340,Supermarket,Trader Joe's,0,661 Logan Street,,Denver,CO,80203,(303) 318-7112,,,,,0,,0,,,,OED,-104.982416,39.726632,,Speer,Council District 10
39.720399,-104.949465,,Point,343,Small Grocery Store,Continental's Deli,0,250 N STEELE ST,,Denver,CO,,n/a,,,,,0,,0,,,,DEH2014,-104.949465,39.720399,,Cherry Creek,Council District 10
39.718799,-104.956783,,Point,344,Supermarket,Whole Foods,0,2375 E 1st Ave # West,,Denver,CO,80206,(720) 941-4100,,,541105,445110,77407000,,300,250 to 499,,"40,000+",InfoGroup2014,-104.956783,39.718799,,Cherry Creek,Council District 10
39.719513,-104.954959,,Point,345,Specialty Food Store,Duke's Corner Store,0,2727 E 2nd Ave,,Denver,CO,80206,(303) 955-7663,,,539901,452990,496000,,2,1 to 4,,"0 - 2,499",InfoGroup2014,-104.954959,39.719513,,Cherry Creek,Council District 10
39.719793,-104.953099,,Point,346,Specialty Food Store,Penzeys Spices,0,200 Fillmore St,,Denver,CO,80206,(303) 329-0570,,,549902,445299,229000,,2,1 to 4,,"2,500 - 9,999",InfoGroup2014,-104.953099,39.719793,,Cherry Creek,Council District 10
39.725492,-104.953133,,Point,347,Specialty Food Store,Truffle,0,2906 E 6th Ave,,Denver,CO,80206,(303) 322-7363,,,545103,445299,318000,,4,1 to 4,,"0 - 2,499",InfoGroup2014,-104.953133,39.725492,,Cherry Creek,Council District 10
39.725452,-104.966604,,Point,348,Specialty Food Store,Oliver's Meat Market,0,1718 E 6th Ave,,Denver,CO,80218,(303) 733-4629,,,542107,445210,840000,,4,1 to 4,,"0 - 2,499",InfoGroup2014,-104.966604,39.725452,,Country Club,Council District 10
39.735051,-104.955825,,Point,351,Small Grocery Store,Pappas Grocery Store - 12th Avenue Market & Deli,0,2620 E 12th Ave,,Denver,CO,80206,(303) 333-7094,,,541105,445110,516000,,2,1 to 4,,"0 - 2,499",InfoGroup2014,-104.955825,39.735051,,Congress Park,Council District 10
39.739978,-104.957134,,Point,352,Specialty Food Store,New World Cheese,0,2504 E Colfax Ave,,Denver,CO,,n/a,,,,,0,,0,,,,DEH2015,-104.957134,39.739978,,Congress Park,Council District 10
39.731541,-104.973777,,Point,359,Supermarket,King Soopers,0,1155 E 9th Ave # A,,Denver,CO,80218,(303) 832-5262,,,541105,445110,46444000,,180,100 to 249,,"40,000+",InfoGroup2014,-104.973777,39.731541,,Capitol Hill,Council District 10
39.733266,-104.975844,,Point,360,Supermarket,Whole Foods,0,900 E 11th Ave,,Denver,CO,80218,(303) 832-7701,,,541105,445110,17545000,,68,50 to 99,,"2,500 - 9,999",InfoGroup2014,-104.975844,39.733266,,Capitol Hill,Council District 10
39.73136,-104.987018,,Point,361,Specialty Food Store,Tony's Market,0,950 N BROADWAY,,Denver,CO,,n/a,,,,,0,,0,,,,DEH2014,-104.987018,39.73136,,Capitol Hill,Council District 10
39.738511,-104.916209,,Point,370,Supermarket,King Soopers,0,1355 Krameria St,,Denver,CO,80220,(303) 388-2249,,,541105,445110,70182000,,272,250 to 499,,"40,000+",InfoGroup2014,-104.916209,39.738511,,Montclair,Council District 5
39.737532,-104.915592,,Point,371,Supermarket,Safeway,0,6220 E 14th Ave # 1,,Denver,CO,80220,(303) 242-3523,,,541105,445110,18835000,,73,50 to 99,,"2,500 - 9,999",InfoGroup2014,-104.915592,39.737532,,Montclair,Council District 5
39.739527,-104.904421,,Point,372,Specialty Food Store,Awash Grocery Store,0,1440 Poplar St,,Denver,CO,80220,(303) 321-4286,,,541105,445110,774000,,3,1 to 4,,"0 - 2,499",InfoGroup2014,-104.904421,39.739527,,Montclair,Council District 5
39.73979,-104.927749,,Point,373,Small Grocery Store,Marczyk Fine Foods,0,5100 E COLFAX AVE,,Denver,CO,,n/a,,,,,0,,0,,,,DEH2014,-104.927749,39.73979,,Hale,Council District 5
39.729023,-104.940427,,Point,374,Supermarket,Trader Joe's,0,790 Colorado Blvd,,Denver,CO,80206,(303) 321-3245,,,541105,445110,15481000,,60,50 to 99,,"2,500 - 9,999",InfoGroup2014,-104.940427,39.729023,,Hale,Council District 5
39.739969,-104.937898,,Point,375,Specialty Food Store,Shola Market,0,4218 E Colfax Ave,,Denver,CO,80220,(303) 780-9581,,,549902,445299,114000,,1,1 to 4,,"2,500 - 9,999",InfoGroup2014,-104.937898,39.739969,,Hale,Council District 5
39.73979,-104.927234,,Point,376,Specialty Food Store,Tienda Salvadorena,0,5128 E Colfax Ave,,Denver,CO,80220,(303) 394-4185,,,533101,452990,338000,,2,1 to 4,,"0 - 2,499",InfoGroup2014,-104.927234,39.73979,,Hale,Council District 5
39.733748,-104.884727,,Point,381,Specialty Food Store,New Discount Stores,0,1133 Yosemite St # C,,Denver,CO,80220,(303) 399-2465,,,531104,452112,440000,,2,1 to 4,,"40,000+",InfoGroup2014,-104.884727,39.733748,,East Colfax,Council District 5
39.739857,-104.885479,,Point,382,Superette,Family Asia Market,0,8800 E Colfax Ave,,Denver,CO,80220,(303) 399-3777,,,541105,445110,774000,,3,1 to 4,,"0 - 2,499",InfoGroup2014,-104.885479,39.739857,Healthy Corner Store Initiative,East Colfax,Council District 5
39.699734,-104.909009,,Point,388,Small Grocery Store,M & I International Market,0,909 S ONEIDA ST,,Denver,CO,,n/a,,,,,0,,0,,,,DEH2014,-104.909009,39.699734,,Washington Virginia Vale,Council District 5
39.700679,-104.908695,,Point,389,Small Grocery Store,Marhaba International Market,0,6879 LEETSDALE DR,,Denver,CO,,n/a,,,,,0,,0,,,,DEH2014,-104.908695,39.700679,,Washington Virginia Vale,Council District 5
39.700679,-104.908695,,Point,390,Small Grocery Store,Merhaba International Market,0,6879 Leetsdale Dr,,Denver,CO,80224,(303) 333-7653,,,541105,445110,258000,,1,1 to 4,,"0 - 2,499",InfoGroup2014,-104.908695,39.700679,,Washington Virginia Vale,Council District 5
39.708494,-104.926096,,Point,391,Small Grocery Store,Natural Grocer - Vitamin Cottage,0,5231 Leetsdale Dr,,Denver,CO,80246,(303) 399-0164,,,541105,445110,3870000,,15,10 to 19,,"2,500 - 9,999",InfoGroup2014,-104.926096,39.708494,,Washington Virginia Vale,Council District 5
39.700541,-104.912715,,Point,392,Supermarket,King Soopers,0,890 S Monaco Pkwy,,Denver,CO,80224,(303) 333-1535,,,541105,445110,42574000,,165,100 to 249,,"40,000+",InfoGroup2014,-104.912715,39.700541,,Washington Virginia Vale,Council District 5
39.702246,-104.911291,,Point,393,Specialty Food Store,Dulce & Canela Bakery,0,6625 LEETSDALE DR UNIT B,,Denver,CO,80224,n/a,,,,,0,,0,,,,DEH2014,-104.911291,39.702246,,Washington Virginia Vale,Council District 5
39.708454,-104.926743,,Point,394,Specialty Food Store,European Mart,0,5225 LEETSDALE DR,,Denver,CO,,n/a,,,,,0,,0,,,,DEH2014,-104.926743,39.708454,,Washington Virginia Vale,Council District 5
39.705918,-104.9215,,Point,395,Specialty Food Store,Les Delices De Paris,0,600 S HOLLY ST #101,,Denver,CO,80246,n/a,,,,,0,,0,,,,DEH2014,-104.9215,39.705918,,Washington Virginia Vale,Council District 5
39.720886,-104.902587,,Point,396,Supermarket,Albertsons,0,200 Quebec St # 400,,Denver,CO,80230,(303) 340-4455,,,541105,445110,25802000,,100,100 to 249,,"40,000+",InfoGroup2014,-104.902587,39.720886,,Lowry Field,Council District 5
39.72043,-104.903447,,Point,397,Specialty Food Store,Savory Spice Shop,0,200 Quebec St # 600-101,,Denver,CO,80230,(303) 364-2188,,,549902,445299,572000,,5,5 to 9,,"2,500 - 9,999",InfoGroup2014,-104.903447,39.72043,,Lowry Field,Council District 5
39.720467,-104.899833,,Point,398,Specialty Food Store,Tippett Beef Patti,0,7525 E 1st Pl,,Denver,CO,80230,(720) 216-1144,,,542107,445210,1051000,,5,5 to 9,,"0 - 2,499",InfoGroup2014,-104.899833,39.720467,,Lowry Field,Council District 5
39.769339,-105.047643,,Point,402,Small Grocery Store,Sprouts Farmers Market,0,4700 W 38th Ave # B,,Denver,CO,80212,(303) 433-2350,,,541105,445110,25802000,,100,100 to 249,,"40,000+",InfoGroup2014,-105.047643,39.769339,,West Highland,Council District 1
39.666283,-104.913291,,Point,407,Supermarket,Safeway,0,6440 E Yale Ave,,Denver,CO,80222,(303) 691-8870,,,541105,445110,25802000,,100,100 to 249,,"40,000+",InfoGroup2014,-104.913291,39.666283,,Hampden,Council District 4
39.654964,-104.900178,,Point,408,Supermarket,Target,0,7777 E Hampden Ave,,Denver,CO,80231,(303) 481-2822,,,531102,452111,33025000,,150,100 to 249,,"40,000+",InfoGroup2014,-104.900178,39.654964,,Hampden,Council District 4
39.652196,-104.929801,,Point,410,Supermarket,Safeway,0,4950 E Hampden Ave,,Denver,CO,80222,(303) 691-0051,,,541105,445110,14191000,,55,50 to 99,,"2,500 - 9,999",InfoGroup2014,-104.929801,39.652196,,Southmoor Park,Council District 4
39.652295,-104.929084,,Point,411,Specialty Food Store,Duffey's Bakery,0,4994 E HAMPDEN AVE,,Denver,CO,80222,n/a,,,,,0,,0,,,,DEH2014,-104.929084,39.652295,,Southmoor Park,Council District 4
39.653043,-104.914327,,Point,418,Supermarket,King Soopers,0,6470 E Hampden Ave,,Denver,CO,80222,(303) 758-1210,,,541105,445110,57539000,,223,100 to 249,,"40,000+",InfoGroup2014,-104.914327,39.653043,,Hampden South,Council District 4
39.652928,-104.900591,,Point,419,Supermarket,Whole Foods,0,7400 E Hampden Ave # D-1,,Denver,CO,80231,(303) 488-2000,,,541105,445110,65022000,,252,250 to 499,,"40,000+",InfoGroup2014,-104.900591,39.652928,,Hampden South,Council District 4
39.65215,-104.916267,,Point,420,Specialty Food Store,Omaha Steak Stores,0,6300 E Hampden Ave # J,,Denver,CO,80222,(303) 756-1427,,,542107,445210,840000,,4,1 to 4,,"0 - 2,499",InfoGroup2014,-104.916267,39.65215,,Hampden South,Council District 4
39.678231,-104.924304,,Point,427,Small Grocery Store,Jerusalem International Market,0,5470 E Evans Ave,,Denver,CO,80222,(303) 691-2330,,,541105,445110,516000,,2,1 to 4,,"0 - 2,499",InfoGroup2014,-104.924304,39.678231,,Goldsmith,Council District 4
39.676955,-104.912748,,Point,429,Specialty Food Store,Crumbles Bakery,0,2200 S MONACO PKWY,,Denver,CO,,n/a,,,,,0,,0,,,,DEH2014,-104.912748,39.676955,,Goldsmith,Council District 4
39.678288,-104.932037,,Point,430,Specialty Food Store,Dijla Halal Market,0,4770 E Evans Ave,,Denver,CO,80222,(303) 756-3168,,,541105,445110,516000,,2,1 to 4,,"0 - 2,499",InfoGroup2014,-104.932037,39.678288,,Goldsmith,Council District 4
39.675458,-104.94035,,Point,432,Small Grocery Store,Middle East Market,0,2254 S Colorado Blvd,,Denver,CO,80222,(303) 756-4580,,,541105,445110,774000,,3,1 to 4,,"0 - 2,499",InfoGroup2014,-104.94035,39.675458,,University Hills,Council District 4
39.663855,-104.940546,,Point,433,Small Grocery Store,Sprouts Farmers Market,0,2880 S Colorado Blvd,,Denver,CO,80222,(303) 758-4400,,,541105,445110,19351000,,75,50 to 99,,"2,500 - 9,999",InfoGroup2014,-104.940546,39.663855,,University Hills,Council District 4
39.666538,-104.937305,,Point,434,Supermarket,King Soopers,0,2750 S Colorado Blvd,,Denver,CO,80222,(303) 512-0441,,,541105,445110,39477000,,153,100 to 249,,"40,000+",InfoGroup2014,-104.937305,39.666538,,University Hills,Council District 4
39.674308,-104.940146,,Point,435,Specialty Food Store,Sawa Meat & Sausage,0,2318 S Colorado Blvd,,Denver,CO,80222,(303) 691-2253,,,542107,445210,630000,,3,1 to 4,,"0 - 2,499",InfoGroup2014,-104.940146,39.674308,,University Hills,Council District 4
39.742991,-104.977918,,Point,441,Small Grocery Store,Marczyk Fine Foods,0,770 E 17th Ave,,Denver,CO,80203,(303) 894-9499,,,542107,445210,6306000,,30,20 to 49,,"2,500 - 9,999",InfoGroup2014,-104.977918,39.742991,,North Capitol Hill,Council District 10
39.679443,-104.972589,,Point,444,Small Grocery Store,Walgreen,0,1235 E EVANS AVE,,Denver,CO,,n/a,,,,,0,,0,,,,DEH2014,-104.972589,39.679443,,University,Council District 6
39.677622,-104.972513,,Point,445,Supermarket,Safeway,0,2150 S Downing St,,Denver,CO,80210,(303) 722-6117,,,541105,445110,34833000,,135,100 to 249,,"40,000+",InfoGroup2014,-104.972513,39.677622,,University,Council District 6
39.670699,-104.973155,,Point,446,Specialty Food Store,Adventist Book Center,0,2520 S DOWNING ST,,Denver,CO,,n/a,,,,,0,,0,,,,DEH2014,-104.973155,39.670699,,University,Council District 6
39.675494,-104.984623,,Point,448,Specialty Food Store,Mountain Man,0,2276 S Sherman St,,Denver,CO,80210,(303) 282-0779,,,543101,445230,606000,,3,1 to 4,,"0 - 2,499",InfoGroup2014,-104.984623,39.675494,,Rosedale,Council District 6
39.691303,-104.939846,,Point,458,Small Grocery Store,East Europe Market,0,4015 E ARKANSAS AVE,,Denver,CO,,n/a,,,,,0,,0,,,,DEH2014,-104.939846,39.691303,,Virginia Village,Council District 6
39.698921,-104.933488,,Point,459,Specialty Food Store,Atlanta Bread Company,0,950 S CHERRY ST,,Denver,CO,,n/a,,,,,0,,0,,,,DEH2014,-104.933488,39.698921,,Virginia Village,Council District 6
39.689797,-104.923576,,Point,460,Specialty Food Store,Detour Bakery,0,1479 S HOLLY ST,,Denver,CO,,n/a,,,,,0,,0,,,,DEH2014,-104.923576,39.689797,,Virginia Village,Council District 6
39.6866,-104.940861,,Point,464,Supermarket,Safeway,0,1653 S Colorado Blvd,,Denver,CO,80222,(303) 691-2962,,,541105,445110,25286000,,98,50 to 99,,"2,500 - 9,999",InfoGroup2014,-104.940861,39.6866,,Cory - Merrill,Council District 6
39.701504,-104.940843,,Point,466,Supermarket,King Soopers,0,825 S Colorado Blvd,,Denver,CO,80246,(303) 722-1096,,,541105,445110,51604000,,200,100 to 249,,"40,000+",InfoGroup2014,-104.940843,39.701504,,Belcaro,Council District 6
39.700323,-104.964217,,Point,468,Small Grocery Store,Fooducopia,0,1939 E Kentucky Ave,,Denver,CO,80209,(303) 722-7838,,,541105,445110,774000,,3,1 to 4,,"0 - 2,499",InfoGroup2014,-104.964217,39.700323,,Washington Park,Council District 6
39.69888,-104.907522,,Point,469,Small Grocery Store,Joe's Meat & Produce,0,970 S Oneida St # 10-A,,Denver,CO,80224,n/a,,,,,0,,0,,,,,-104.907522,39.69888,,Washington Virginia Vale,Council District 6
39.712883,-104.922029,,Point,472,Small Grocery Store,Pete's Fruits & Vegetables,0,5606 E Cedar Ave,,Denver,CO,80224,(303) 393-6247,,,543101,445230,606000,,3,1 to 4,,"0 - 2,499",InfoGroup2014,-104.922029,39.712883,,Hilltop,Council District 5
39.6518,-104.984422,,Point,478,Supermarket,Safeway,0,201 E Jefferson Ave,,Englewood,CO,80113,(303) 781-0463,,,541105,445110,24512000,,95,50 to 99,,"2,500 - 9,999",InfoGroup2014,-104.984422,39.6518,,Outside Denver,Outside Denver
39.696025,-104.84594,,Point,479,Supermarket,Safeway,0,12200 E Mississippi Ave,,Aurora,CO,80012,(303) 751-6603,,,541105,445110,22964000,,89,50 to 99,,"2,500 - 9,999",InfoGroup2014,-104.84594,39.696025,,Outside Denver,Outside Denver
39.771096,-105.080137,,Point,480,Supermarket,Safeway,0,3900 Wadsworth Blvd,,Wheat Ridge,CO,80033,(303) 456-2670,,,541105,445110,33543000,,130,100 to 249,,"40,000+",InfoGroup2014,-105.080137,39.771096,,Outside Denver,Outside Denver
39.712605,-105.054839,,Point,481,Supermarket,Viet Hoa Supermarket,0,225 S Sheridan Blvd # B,,Lakewood,CO,80226,(303) 975-9900,,,541105,445110,4386000,,17,10 to 19,,"2,500 - 9,999",InfoGroup2014,-105.054839,39.712605,,Outside Denver,Outside Denver
39.610526,-105.034773,,Point,482,Supermarket,Walmart,0,3615 W Bowles Ave,,Littleton,CO,80123,(303) 218-4873,,,541105,445110,18061000,,70,50 to 99,,"2,500 - 9,999",InfoGroup2014,-105.034773,39.610526,,Outside Denver,Outside Denver
39.700906,-104.939495,,Point,484,Supermarket,Whole Foods,0,870 S Colorado Blvd # A,,Denver,CO,80246,(303) 691-0101,,,541105,445110,23222000,,90,50 to 99,,"2,500 - 9,999",InfoGroup2014,-104.939495,39.700906,,Outside Denver,Outside Denver
39.708021,-105.081349,,Point,485,Supermarket,Whole Foods,0,444 S Wadsworth Blvd,,Lakewood,CO,80226,(303) 935-5000,,,541105,445110,51604000,,200,100 to 249,,"40,000+",InfoGroup2014,-105.081349,39.708021,,Outside Denver,Outside Denver
39.622935,-105.0915,,Point,486,Supermarket,Whole Foods,0,5155 S Wadsworth Blvd,,Littleton,CO,80123,(303) 586-5220,,,541105,445110,38187000,,148,100 to 249,,"40,000+",InfoGroup2014,-105.0915,39.622935,,Outside Denver,Outside Denver
39.719193,-105.053321,,Point,487,Supermarket,Won's Market,0,105 Sheridan Blvd,,Lakewood,CO,80226,(303) 238-6764,,,541105,445110,258000,,1,1 to 4,,"0 - 2,499",InfoGroup2014,-105.053321,39.719193,,Outside Denver,Outside Denver
39.696473,-104.869098,,Point,489,Specialty Food Store,Denver Halal Market,0,10200 E Mississippi Ave # C,,Denver,CO,80247,(303) 751-6661,,,541105,445110,516000,,2,1 to 4,,"0 - 2,499",InfoGroup2014,-104.869098,39.696473,,Outside Denver,Outside Denver
39.733516,-104.884692,,Point,490,Superette,Carniceria la Jerezana,0,1148 Yosemite St,,Denver,CO,80220,n/a,,,,,0,,0,,,,,-104.884692,39.733516,,Outside Denver,Outside Denver
39.695645,-104.847535,,Point,491,Superette,Village East Grocery Store,0,1161 S Peoria St,,Aurora,CO,80012,(303) 337-2075,,,541105,445110,1290000,,5,5 to 9,,"0 - 2,499",InfoGroup2014,-104.847535,39.695645,,Outside Denver,Outside Denver
39.690558,-104.867785,,Point,492,Warehouse Club Store,Costco,0,1471 S Havana St,,Aurora,CO,80012,(303) 750-0384,,,531110,452910,48436000,,220,100 to 249,,"40,000+",InfoGroup2014,-104.867785,39.690558,,Outside Denver,Outside Denver
39.789881,-105.082218,,Point,493,Warehouse Club Store,Costco,0,5195 Wadsworth Blvd,,Arvada,CO,80002,(303) 463-3603,,,531110,452910,42932000,,195,100 to 249,,"40,000+",InfoGroup2014,-105.082218,39.789881,,Outside Denver,Outside Denver
39.644445,-105.006451,,Point,494,Warehouse Club Store,Costco,0,4000 River Point Pkwy,,Sheridan,CO,80110,(303) 200-1830,,,531110,452910,37428000,,170,100 to 249,,"40,000+",InfoGroup2014,-105.006451,39.644445,,Outside Denver,Outside Denver
39.788469,-105.077661,,Point,495,Warehouse Club Store,Sams Club,0,7370 W 52nd Ave,,Arvada,CO,80002,(303) 420-8401,,,531110,452910,39630000,,180,100 to 249,,"40,000+",InfoGroup2014,-105.077661,39.788469,,Outside Denver,Outside Denver
39.74809,-104.999087,,Point,497,Specialty Food Store,The Market @ Larimer,0,1445 Larimer St.,,Denver,CO,,n/a,,,,,0,,0,,,,DEH2014,-104.999087,39.74809,,Union Station,Council District 9
39.76874,-104.979796,,Point,498,Specialty Food Store,Americanum Provisions,0,3350 N BRIGHTON BLVD,,Denver,CO,,n/a,,,,,0,,0,,,,DEH2014,-104.979796,39.76874,,Five Points,Council District 9
39.772156,-104.910821,,Point,499,Specialty Food Store,Sawa Meat & Sausage,0,3960 Niagara St # A,,Denver,CO,80207,(720) 941-6201,,,542107,445210,420000,,2,1 to 4,,"0 - 2,499",InfoGroup2014,-104.910821,39.772156,,Northeast Park Hill,Council District 8
39.740412,-104.904326,,Point,500,Specialty Food Store,Merkato Market,0,7227 E COLFAX AVE,,Denver,CO,,n/a,,,,,0,,0,,,,DEH2014,-104.904326,39.740412,,South Park Hill,Council District 8
39.770642,-104.901246,,Point,501,Supercenter,Walmart,0,7800 Smith Rd,,Denver,CO,80207,(720) 941-7593,,,531102,452111,14310000,,65,50 to 99,,"40,000+",InfoGroup2014,-104.901246,39.770642,,Stapleton,Council District 8
39.696077,-104.941041,,Point,503,Small Grocery Store,Walgreen,0,1111 S COLORADO BLVD,,Denver,CO,,n/a,,,,,0,,0,,,,DEH2014,-104.941041,39.696077,,Cory - Merrill,Council District 6
39.721347,-104.922706,,Point,504,Specialty Food Store,Cheese Co,0,5575 E 3rd Ave # C,,Denver,CO,80220,(303) 394-9911,,,545103,445299,557000,,7,5 to 9,,"2,500 - 9,999",InfoGroup2014,-104.922706,39.721347,,Hilltop,Council District 5
39.699734,-104.909009,,Point,508,Specialty Food Store,California Bakery,0,909 S ONEIDA ST,,Denver,CO,80224,n/a,,,,,0,,0,,,,DEH2014,-104.909009,39.699734,,Washington Virginia Vale,Council District 5
39.742976,-105.07932,,Point,509,Supercenter,Walmart,0,7455 W Colfax Ave,,Lakewood,CO,80214,(303) 274-5211,,,531102,452111,77058000,,350,250 to 499,,"40,000+",InfoGroup2014,-105.07932,39.742976,,Outside Denver,Outside Denver
39.65539,-105.081862,,Point,510,Small Grocery Store,Natural Grocer - Vitamin Cottage,0,3333 South Wadsworth Blvd,,Lakewood,CO,80227,n/a,,,,,0,,0,,,,OED,-105.081862,39.65539,,Outside Denver,Outside Denver
39.655678,-104.988862,,Point,511,Supermarket,King Soopers,0,101 Englewood Pkwy # A,,Englewood,CO,80110,(303) 761-0013,,,541105,445110,34833000,,135,100 to 249,,"40,000+",InfoGroup2014,-104.988862,39.655678,,Outside Denver,Outside Denver
39.771815,-105.0489585,,Point,512,Small Grocery Store,Natural Grocer - Vitamin Cottage,0,2375 15TH ST,,,,,n/a,,,,,0,,0,,,,DEH2014,-105.048958,39.771815,,Berkeley,Council District 1
39.789259,-104.977957,,Point,513,Specialty Food Store,Westernkamp's Mercado Rizo,0,5106 N WASHINGTON ST,,Denver,CO,,n/a,,,,,0,,0,,,,DEH2014,-104.977957,39.789259,,Globeville,Council District 9
39.789739,-104.967558,,Point,514,Specialty Food Store,Silver State Meats,0,5140 Race Ct # 1,,Denver,CO,80216,(303) 291-5555,,,542107,445210,3993000,,19,10 to 19,,"2,500 - 9,999",InfoGroup2014,-104.967558,39.789739,,Elyria Swansea,Council District 9
39.695486,-105.025742,,Point,521,Specialty Food Store,Tri Ocean Seafood,0,1175 S Federal Blvd,,Denver,CO,80219,(303) 922-0715,,,542101,445220,630000,,3,1 to 4,,"0 - 2,499",InfoGroup2014,-105.025742,39.695486,,Mar Lee,Council District 3
39.709554,-105.025107,,Point,522,Small Grocery Store,Little Saigon Market,0,375 S Federal Blvd # 104,,Denver,CO,80219,(303) 937-8860,,,541105,445110,2838000,,11,10 to 19,,"2,500 - 9,999",InfoGroup2014,-105.025107,39.709554,,Westwood,Council District 3
39.679616,-105.021537,,Point,523,Supermarket,King Soopers,0,2727 W Evans Ave,,Denver,CO,80219,(303) 936-2375,,,541105,445110,34833000,,135,100 to 249,,"40,000+",InfoGroup2014,-105.021537,39.679616,,College View - South Platte,Council District 7
39.70987,-104.987659,,Point,525,Supercenter,Kmart,0,363 S Broadway,,Denver,CO,80209,(303) 733-7757,,,531102,452111,17613000,,80,50 to 99,,"40,000+",InfoGroup2014,-104.987659,39.70987,,Baker,Council District 7
39.638313,-105.0824,,Point,530,Warehouse Club Store,Costco,0,7900 W Quincy Ave,,Littleton,CO,80123,(303) 933-4931,,,531110,452910,44033000,,200,100 to 249,,"40,000+",InfoGroup2014,-105.0824,39.638313,,Marston,Council District 2
39.699745,-105.024757,,Point,532,Specialty Food Store,Tortilleria la Pasadita,0,932 S. Federal Blvd.,,Denver,CO,,n/a,,,,,0,,0,,,,DEH2014,-105.024757,39.699745,,Athmar Park,Council District 7
39.717035,-104.950737,,Point,534,Supermarket,Safeway,0,3110 E 1st Ave,,Denver,CO,80206,(303) 355-5486,,,541105,445110,25802000,,100,100 to 249,,"40,000+",InfoGroup2014,-104.950737,39.717035,,Cherry Creek,Council District 10
39.679415,-104.940927,,Point,542,Small Grocery Store,Natural Grocer - Vitamin Cottage,0,2053 S Colorado Blvd,,Denver,CO,80222,(303) 756-8400,,,541105,445110,2322000,,9,5 to 9,,"2,500 - 9,999",InfoGroup2014,-104.940927,39.679415,,University Park,Council District 6
39.690713,-104.863837,,Point,544,Supercenter,Target,0,1400 S Havana St,,Aurora,CO,80012,(303) 755-8530,,,531102,452111,29282000,,133,100 to 249,,"40,000+",InfoGroup2014,-104.863837,39.690713,,Outside Denver,Outside Denver
39.611924,-105.101398,,Point,545,Supercenter,Target,0,9390 W Cross Dr,,Littleton,CO,80123,(720) 922-1475,,,531102,452111,46235000,,210,100 to 249,,"40,000+",InfoGroup2014,-105.101398,39.611924,,Outside Denver,Outside Denver
39.707789,-105.079724,,Point,546,Supercenter,Target,0,460 S Vance St,,Lakewood,CO,80226,(303) 209-7749,,,531102,452111,33025000,,150,100 to 249,,"40,000+",InfoGroup2014,-105.079724,39.707789,,Outside Denver,Outside Denver
39.6502,-105.005433,,Point,547,Supercenter,Target,0,3650 River Point Pkwy,,Englewood,CO,80110,(303) 974-6661,,,531102,452111,33025000,,150,100 to 249,,"40,000+",InfoGroup2014,-105.005433,39.6502,,Outside Denver,Outside Denver
39.708516,-104.93852,,Point,548,Supercenter,Target,0,4301 E Virginia Ave,,Denver,CO,80246,(303) 209-0182,,,531102,452111,44033000,,200,100 to 249,,"40,000+",InfoGroup2014,-104.93852,39.708516,,Outside Denver,Outside Denver
39.746918,-105.053271,,Point,549,Supercenter,Target,0,1985 Sheridan Blvd,,Edgewater,CO,80214,(720) 274-3665,,,531102,452111,33025000,,150,100 to 249,,"40,000+",InfoGroup2014,-105.053271,39.746918,,Outside Denver,Outside Denver
39.764078,-104.773888,,Point,550,Supercenter,Walmart,0,3301 Tower Rd,,Aurora,CO,80011,(720) 374-0278,,,531102,452111,88067000,,400,250 to 499,,"40,000+",InfoGroup2014,-104.773888,39.764078,,Outside Denver,Outside Denver
39.776641,-105.062386,,Point,551,Supercenter,Walmart,0,5957 W 44th Ave,,Wheat Ridge,CO,80212,(303) 477-5740,,,531102,452111,72655000,,330,250 to 499,,"40,000+",InfoGroup2014,-105.062386,39.776641,,Outside Denver,Outside Denver
39.804603,-104.929028,,Point,552,Supercenter,Walmart,0,5990 Dahlia St,,Commerce City,CO,80022,(303) 287-2255,,,531102,452111,125495000,,570,500 to 999,,"40,000+",InfoGroup2014,-104.929028,39.804603,,Outside Denver,Outside Denver
39.721614,-105.080316,,Point,553,Supercenter,Walmart,0,440 Wadsworth Blvd,,Lakewood,CO,80226,(303) 205-0754,,,531102,452111,77058000,,350,250 to 499,,"40,000+",InfoGroup2014,-105.080316,39.721614,,Outside Denver,Outside Denver
39.651878,-104.878486,,Point,554,Supercenter,Walmart,0,9400 E Hampden Ave,,Denver,CO,80231,(720) 748-0154,,,531102,452111,14310000,,65,50 to 99,,"40,000+",InfoGroup2014,-104.878486,39.651878,,Outside Denver,Outside Denver
39.656724,-104.995344,,Point,555,Supercenter,Walmart,0,601 Englewood Pkwy,,Englewood,CO,80110,(303) 789-7218,,,531102,452111,14310000,,65,50 to 99,,"40,000+",InfoGroup2014,-104.995344,39.656724,,Outside Denver,Outside Denver
39.727291,-104.847093,,Point,556,Small Grocery Store,Leever's / Save A Lot,0,690 Peoria St,,Aurora,CO,80011,(303) 365-0393,,,541105,445110,4386000,,17,10 to 19,,"2,500 - 9,999",InfoGroup2014,-104.847093,39.727291,,Outside Denver,Outside Denver
39.81222,-104.918294,,Point,557,Small Grocery Store,Mi Pueblo Market,0,6040 E 64th Ave,,Commerce City,CO,80022,(720) 638-0473,,,541105,445110,774000,,3,1 to 4,,"0 - 2,499",InfoGroup2014,-104.918294,39.81222,,Outside Denver,Outside Denver
39.696504,-104.895859,,Point,558,Small Grocery Store,Mile High Halal Market,0,7950 E Mississippi Ave # C,,Denver,CO,80247,(303) 974-2188,,,541105,445110,774000,,3,1 to 4,,"0 - 2,499",InfoGroup2014,-104.895859,39.696504,,Outside Denver,Outside Denver
39.599506,-105.111136,,Point,559,Small Grocery Store,Natural Grocer - Vitamin Cottage,0,6475 South Kipling,,Littleton,CO,80123,303-948-9944,,,,,0,,0,,,,OED,-105.111136,39.599506,,Outside Denver,Outside Denver
39.7934495,-104.9823539,,Point,560,Small Grocery Store,Natural Grocer - Vitamin Cottage,0,1433 Washington St,,Denver,CO,,(303) 832-3000,,,,,0,,0,,,,OED,-104.982354,39.79345,,Outside Denver,Outside Denver
39.6947506,-104.8622272,,Point,561,Small Grocery Store,Sprouts Farmers Market,0,1150 Ironton St,,Aurora,CO,80010,(720) 278-2008,,,541105,445110,774000,,3,1 to 4,,"0 - 2,499",InfoGroup2014,-104.862227,39.694751,,Outside Denver,Outside Denver
39.73918,-104.867622,,Point,562,Small Grocery Store,Walmart Neighborhood Market,0,10400 E Colfax Ave,,Aurora,CO,80010,(303) 537-9808,,,541105,445110,0,,0,,,,OED,-104.867622,39.73918,,Outside Denver,Outside Denver
39.690625,-104.891055,,Point,563,Small Grocery Store,Walmart Neighborhood Market,0,1442 S Parker Rd,,Denver,CO,80231,(303) 481-0182,,,541105,445110,25802000,,100,100 to 249,,"40,000+",InfoGroup2014,-104.891055,39.690625,,Outside Denver,Outside Denver
39.610836,-105.111159,,Point,564,Supermarket,Albertsons,0,10081 W Bowles Ave,,Littleton,CO,80127,(303) 978-9617,,,541105,445110,25802000,,100,100 to 249,,"40,000+",InfoGroup2014,-105.111159,39.610836,,Outside Denver,Outside Denver
39.740245,-104.862557,,Point,565,Supermarket,Avanza,0,10777 E Colfax Ave,,Aurora,CO,80010,(303) 537-9808,,,541105,445110,0,,0,,,"2,500 - 9,999",OED,-104.862557,39.740245,,Outside Denver,Outside Denver
39.607909,-104.921106,,Point,566,Supermarket,King Soopers,0,6000 S Holly St,,Greenwood Vlg,CO,80111,(720) 488-3405,,,541105,445110,42574000,,165,100 to 249,,"40,000+",InfoGroup2014,-104.921106,39.607909,,Outside Denver,Outside Denver
39.653534,-104.959563,,Point,567,Supermarket,King Soopers,0,3495 S University Blvd,,Englewood,CO,80113,(303) 806-2780,,,541105,445110,774000,,3,1 to 4,,"0 - 2,499",InfoGroup2014,-104.959563,39.653534,,Outside Denver,Outside Denver
39.808608,-104.930109,,Point,568,Supermarket,King Soopers,0,4850 E 62nd Ave,,Commerce City,CO,80022,(303) 287-3419,,,541105,445110,2064000,,8,5 to 9,,"2,500 - 9,999",InfoGroup2014,-104.930109,39.808608,,Outside Denver,Outside Denver
39.695301,-104.867313,,Point,569,Supermarket,King Soopers,0,1155 S Havana St # 1,,Aurora,CO,80012,(303) 755-1244,,,541105,445110,51604000,,200,100 to 249,,"40,000+",InfoGroup2014,-104.867313,39.695301,,Outside Denver,Outside Denver
39.659473,-104.844339,,Point,570,Supermarket,King Soopers,0,3190 S Parker Rd,,Aurora,CO,80014,(303) 750-2450,,,541105,445110,34833000,,135,100 to 249,,"40,000+",InfoGroup2014,-104.844339,39.659473,,Outside Denver,Outside Denver
39.593526,-105.072011,,Point,571,Supermarket,King Soopers,0,6760 S Pierce St,,Littleton,CO,80128,(303) 979-2280,,,541105,445110,42574000,,165,100 to 249,,"40,000+",InfoGroup2014,-105.072011,39.593526,,Outside Denver,Outside Denver
39.7702503,-105.0545002,,Point,572,Supermarket,King Soopers,0,3817 Sheridan Blvd,,Wheat Ridge,CO,80212,(303) 425-7455,,,541105,445110,25802000,,100,100 to 249,,"40,000+",InfoGroup2014,-105.0545,39.77025,,Outside Denver,Outside Denver
39.626093,-104.884094,,Point,573,Supermarket,King Soopers,0,4910 S Yosemite St # B2,,Greenwood Vlg,CO,80111,(303) 793-9080,,,541105,445110,43864000,,170,100 to 249,,"40,000+",InfoGroup2014,-104.884094,39.626093,,Outside Denver,Outside Denver
39.745602,-105.053246,,Point,574,Supermarket,King Soopers,0,1725 Sheridan Blvd # 1,,Edgewater,CO,80214,(303) 425-7356,,,541105,445110,36123000,,140,100 to 249,,"40,000+",InfoGroup2014,-105.053246,39.745602,,Outside Denver,Outside Denver
39.726397,-104.847266,,Point,575,Supermarket,King Soopers,0,655 Peoria St,,Aurora,CO,80011,(303) 364-9218,,,541105,445110,36123000,,140,100 to 249,,"40,000+",InfoGroup2014,-104.847266,39.726397,,Outside Denver,Outside Denver
39.708516,-104.932891,,Point,576,Supermarket,King Soopers,0,4600 Leetsdale Dr,,Glendale,CO,80246,(303) 320-3100,,,541105,445110,25802000,,100,100 to 249,,"40,000+",InfoGroup2014,-104.932891,39.708516,,Outside Denver,Outside Denver
39.625724,-105.024361,,Point,577,Supermarket,King Soopers,0,5050 S Federal Blvd # A,,Englewood,CO,80110,(303) 798-2521,,,541105,445110,30962000,,120,100 to 249,,"40,000+",InfoGroup2014,-105.024361,39.625724,,Outside Denver,Outside Denver
39.623645,-105.107471,,Point,578,Supermarket,King Soopers,0,9800 W Belleview Ave,,Littleton,CO,80123,(303) 978-9618,,,541105,445110,61925000,,240,100 to 249,,"40,000+",InfoGroup2014,-105.107471,39.623645,,Outside Denver,Outside Denver
39.681758,-105.083221,,Point,579,Supermarket,King Soopers,0,1927 S Wadsworth Blvd # 1,,Lakewood,CO,80227,(303) 985-8795,,,541105,445110,51604000,,200,100 to 249,,"40,000+",InfoGroup2014,-105.083221,39.681758,,Outside Denver,Outside Denver
39.811279,-105.052061,,Point,580,Supermarket,King Soopers,0,6350 Sheridan Blvd # 1,,Arvada,CO,80003,(303) 429-1597,,,541105,445110,38187000,,148,100 to 249,,"40,000+",InfoGroup2014,-105.052061,39.811279,,Outside Denver,Outside Denver
39.625521,-105.111614,,Point,581,Supermarket,Safeway,0,5025 S Kipling Pkwy,,Littleton,CO,80127,(303) 973-6770,,,541105,445110,17029000,,66,50 to 99,,"2,500 - 9,999",InfoGroup2014,-105.111614,39.625521,,Outside Denver,Outside Denver
39.686454,-104.86793,,Point,582,Supermarket,Safeway,0,1677 S Havana St,,Aurora,CO,80012,(303) 481-2279,,,541105,445110,25802000,,100,100 to 249,,"40,000+",InfoGroup2014,-104.86793,39.686454,,Outside Denver,Outside Denver
39.696505,-104.895974,,Point,583,Specialty Food Store,Black Sea Market,0,7920 E Mississippi Ave # M,,Denver,CO,80247,(303) 743-8163,,,542107,445210,210000,,1,1 to 4,,"0 - 2,499",InfoGroup2014,-104.895974,39.696505,,Outside Denver,Outside Denver
39.78642191,-104.8110208,,Point,586,Small Grocery Store,Walmart Neighborhood Market,0,5141 Chambers Rd,,Denver,CO,80239,(303) 218-6237,,,541105,445110,15739000,,61,50 to 99,,"2,500 - 9,999",InfoGroup2014,-104.809556,39.785584,,Gateway - Green Valley Ranch,Council District 11
